	AAPL	AU	SIMO	SIRI	SPY	TSLA
AAPL	0.003920755455147835	-0.0010725206692554067	0.0006852214450597026	0.0017078948790618825	0.0010871360212456665	0.003354940306417538
AU	-0.0010725206692554067	0.013294077487026455	-0.0003810843687404948	0.0029513925289907693	-0.0003813018669074984	-0.004166022310312999
SIMO	0.0006852214450597026	-0.0003810843687404948	0.00905300724852937	4.52412947073633e-05	0.002197146836963334	0.0005907994415321535
SIRI	0.0017078948790618825	0.0029513925289907693	4.52412947073633e-05	0.014772330979336027	0.0013004205619137313	0.0010735281263952424
SPY	0.0010871360212456665	-0.0003813018669074984	0.002197146836963334	0.0013004205619137313	0.0014237379370639865	0.0024715309911912398
TSLA	0.003354940306417538	-0.004166022310312999	0.0005907994415321535	0.0010735281263952424	0.0024715309911912398	0.02567201468519463
