asset	estimated_return
AAPL	0.011103674106964825
AU	0.06002525990993821
SIMO	0.023014067694654475
SIRI	-0.01507865155655693
SPY	0.01687062029698934
TSLA	0.022989215348082848
