asset	estimated_return
AAPL	0.015442015184364957
AU	0.06570410724638853
SIMO	0.02646438400703568
SIRI	-0.016920017156586056
SPY	0.019666496284966885
TSLA	0.025312903732127173
