asset	estimated_return
AAPL	0.015442020896448916
AU	0.06570410187970328
SIMO	0.026464384934707007
SIRI	-0.016920011900599437
SPY	0.01966649890906194
TSLA	0.025312903732127173
