	AAPL	AU	SIMO	SIRI	SPY	TSLA
AAPL	0.003626735477641934	-0.0017394320564331292	0.0003407929545488883	0.0019859696488968123	0.0008322150120250494	0.003254502634253427
AU	-0.0017394320564331292	0.013089185683393843	-0.0008900347857038849	0.0033479215651533363	-0.0007970118437352144	-0.004686486992758825
SIMO	0.0003407929545488883	-0.0008900347857038849	0.009165807478024448	0.00020670768812735516	0.002054974258238755	0.00041649009133606484
SIRI	0.0019859696488968123	0.0033479215651533363	0.00020670768812735516	0.015358732814025238	0.001488702496452914	0.0012296864785865677
SPY	0.0008322150120250494	-0.0007970118437352144	0.002054974258238755	0.001488702496452914	0.0012923189537546707	0.002420864216483527
TSLA	0.003254502634253427	-0.004686486992758825	0.00041649009133606484	0.0012296864785865677	0.002420864216483527	0.026703445384803893
