asset	estimated_return
AAPL	0.01544201856603812
AU	0.06570410328276853
SIMO	0.02646439136215079
SIRI	-0.016920015471108888
SPY	0.019666499443366698
TSLA	0.025312903732127173
