asset	estimated_return
AAPL	0.011103669813150308
AU	0.06002526204486252
SIMO	0.023014073224859672
SIRI	-0.015078649319265579
SPY	0.016870623238975774
TSLA	0.022989215348082848
