	AAPL	AU	SIMO	SIRI	SPY	TSLA
AAPL	0.0036267302814140152	-0.001739430158871044	0.0003407939910275551	0.0019859654758591114	0.0008322123653109854	0.0032544951844604626
AU	-0.001739430158871044	0.013089181514562757	-0.0008900359058597081	0.0033479179047235736	-0.0007970094984698372	-0.004686483345738248
SIMO	0.0003407939910275551	-0.0008900359058597081	0.009165806110292092	0.00020671235291344877	0.0020549753242870986	0.0004164868342789238
SIRI	0.0019859654758591114	0.0033479179047235736	0.00020671235291344877	0.015358732130816847	0.0014887061123845101	0.0012296834863772328
SPY	0.0008322123653109854	-0.0007970094984698372	0.0020549753242870986	0.0014887061123845101	0.0012923200603542349	0.002420861753582061
TSLA	0.0032544951844604626	-0.004686483345738248	0.0004164868342789238	0.0012296834863772328	0.002420861753582061	0.026703445384803893
