asset	allocation
AAPL	0.16147304478927116
AU	0.13565822865305321
SIMO	-6.36551183182176e-20
SIRI	-3.1172298209434965e-21
SPY	0.7028687265576756
TSLA	-2.4248776516718776e-20
