asset	allocation
AAPL	0.16147396816198395
AU	0.13565826344845233
SIMO	-6.365394356593394e-20
SIRI	-3.117295397787286e-21
SPY	0.7028677683895637
TSLA	-2.4248951431870345e-20
